com_x,com_y,pixel_area,roi_source
203,492,168,MBP
42,414,240,MBP
605,329,272,MBP
469,253,156,MBP
568,213,224,MBP
678,134,182,MBP
220,51,195,MBP
146,253,240,MBP
68,349,169,MBP
672,486,192,MBP
281,293,210,MBP
146,74,156,MBP
497,363,168,MBP
382,224,168,MBP
82,82,182,MBP
227,335,156,MBP
198,427,187,MBP
701,81,224,MBP
442,516,196,MBP
101,420,156,MBP
289,68,240,MBP
512,171,340,MBP
656,268,144,MBP
461,474,195,MBP
499,56,210,MBP
435,465,182,MBP
534,567,180,MBP
572,39,270,MBP
258,16,110,MBP
28,562,154,MBP
627,85,169,MBP
281,387,378,MBP
7,237,208,MBP
708,407,208,MBP
600,41,140,MBP
612,519,195,MBP
167,298,210,MBP
494,569,150,MBP
673,301,182,MBP
44,458,195,MBP
237,18,208,MBP
579,353,165,MBP
747,31,260,MBP
728,93,285,MBP
578,90,154,MBP
549,153,143,MBP
368,141,160,MBP
504,23,221,MBP
704,369,156,MBP
8,247,208,MBP
363,24,154,MBP
741,201,210,MBP
424,408,238,MBP
62,361,210,MBP
335,162,180,MBP
739,549,273,MBP
600,429,169,MBP
383,136,144,MBP
102,210,182,MBP
149,349,156,MBP
158,107,169,MBP
44,531,143,MBP
138,572,195,MBP
29,154,210,MBP
679,144,255,MBP
489,452,221,MBP
625,502,156,MBP
305,80,169,hand-drawn
115,101,108,hand-drawn
241,484,156,hand-drawn
251,443,99,hand-drawn
254,457,130,hand-drawn
224,438,80,hand-drawn
148,537,99,hand-drawn
83,562,90,hand-drawn
66,513,80,hand-drawn
91,498,99,hand-drawn
112,504,81,hand-drawn
150,376,169,hand-drawn
116,529,80,hand-drawn
197,519,80,hand-drawn
226,525,72,hand-drawn
224,539,54,hand-drawn
254,562,132,hand-drawn
292,517,90,hand-drawn
361,483,90,hand-drawn
373,478,99,hand-drawn
378,497,110,hand-drawn
269,331,121,hand-drawn
251,341,144,hand-drawn
206,320,110,hand-drawn
423,301,108,hand-drawn
419,286,90,hand-drawn
428,271,120,hand-drawn
429,287,156,hand-drawn
520,286,110,hand-drawn
492,330,80,hand-drawn
569,388,154,hand-drawn
540,427,132,hand-drawn
528,447,195,hand-drawn
551,433,140,hand-drawn
514,458,100,hand-drawn
641,349,121,hand-drawn
573,543,88,hand-drawn
576,529,156,hand-drawn
568,562,224,hand-drawn
643,545,110,hand-drawn
705,322,96,hand-drawn
631,445,128,hand-drawn
535,128,143,hand-drawn
543,133,126,hand-drawn
748,69,216,hand-drawn
722,40,121,hand-drawn
734,16,143,hand-drawn
328,440,132,hand-drawn
355,444,198,hand-drawn
163,574,132,hand-drawn
521,531,96,hand-drawn
396,15,154,hand-drawn
266,14,121,hand-drawn
329,79,110,hand-drawn
343,55,168,hand-drawn
366,95,132,hand-drawn
284,92,156,hand-drawn
395,388,130,hand-drawn
367,318,81,hand-drawn
481,9,165,hand-drawn
746,450,104,hand-drawn
639,417,72,hand-drawn
575,552,108,hand-drawn
335,579,96,hand-drawn
663,80,132,hand-drawn
634,371,72,hand-drawn
371,557,120,hand-drawn
404,506,121,hand-drawn
875,31,143,MBP
1345,159,182,MBP
1153,167,208,MBP
1180,194,176,MBP
1460,478,204,MBP
1164,29,224,MBP
1384,179,182,MBP
1015,278,180,MBP
1171,347,144,MBP
1060,576,272,MBP
930,299,150,MBP
1458,252,195,MBP
1341,496,196,MBP
1056,18,143,MBP
1022,445,210,MBP
1114,123,169,MBP
1201,367,272,MBP
1102,475,156,MBP
1010,136,140,MBP
1455,384,224,MBP
1182,246,143,MBP
863,577,266,MBP
1371,194,195,MBP
1217,405,324,MBP
1179,569,240,MBP
1057,83,140,MBP
1214,153,180,MBP
830,349,216,MBP
946,253,195,MBP
926,130,378,MBP
1113,349,182,MBP
1132,100,132,MBP
1421,134,196,MBP
909,267,196,MBP
976,511,182,MBP
755,214,323,MBP
1083,377,168,MBP
1353,437,221,MBP
840,276,252,MBP
1146,547,210,MBP
1036,221,195,MBP
986,58,210,MBP
946,445,156,MBP
1306,194,195,MBP
1462,53,240,MBP
1133,19,196,MBP
853,552,168,MBP
1073,333,168,MBP
1391,279,169,MBP
990,254,130,MBP
837,166,285,MBP
1439,316,238,MBP
1048,499,135,MBP
1281,32,204,MBP
967,174,240,MBP
1351,392,294,MBP
1495,565,231,MBP
811,166,225,MBP
1136,159,192,MBP
1076,22,225,MBP
986,576,110,hand-drawn
970,556,154,hand-drawn
911,542,120,hand-drawn
1121,454,110,hand-drawn
1114,514,132,hand-drawn
911,477,132,hand-drawn
889,469,99,hand-drawn
876,454,100,hand-drawn
782,533,132,hand-drawn
810,537,132,hand-drawn
772,495,130,hand-drawn
783,500,156,hand-drawn
813,451,90,hand-drawn
838,413,99,hand-drawn
829,385,90,hand-drawn
771,323,132,hand-drawn
829,73,63,hand-drawn
831,67,81,hand-drawn
966,486,132,hand-drawn
1066,447,64,hand-drawn
1098,431,132,hand-drawn
1060,374,110,hand-drawn
1041,325,88,hand-drawn
1044,336,63,hand-drawn
1181,390,221,hand-drawn
1202,383,156,hand-drawn
1218,450,121,hand-drawn
1240,458,143,hand-drawn
1284,430,182,hand-drawn
1124,524,80,hand-drawn
1187,552,99,hand-drawn
1207,538,90,hand-drawn
1307,543,132,hand-drawn
1330,557,121,hand-drawn
1371,556,77,hand-drawn
1362,577,169,hand-drawn
1325,579,81,hand-drawn
1211,231,143,hand-drawn
1013,17,88,hand-drawn
1371,71,120,hand-drawn
1377,49,100,hand-drawn
1216,60,117,hand-drawn
1208,113,180,hand-drawn
1306,47,156,hand-drawn
1433,361,99,hand-drawn
1444,330,132,hand-drawn
1453,521,150,hand-drawn
1353,496,144,hand-drawn
1385,412,110,hand-drawn
1375,374,110,hand-drawn
1327,429,120,hand-drawn
1247,477,80,hand-drawn
949,334,132,hand-drawn
1170,238,132,hand-drawn
124,648,156,MBP
42,858,156,MBP
112,1052,156,MBP
727,786,322,MBP
636,790,224,MBP
359,767,272,MBP
391,900,208,MBP
419,780,418,MBP
566,1090,224,MBP
194,686,156,MBP
359,944,180,MBP
318,888,280,MBP
430,697,169,MBP
119,776,357,MBP
437,1048,272,MBP
604,1079,182,MBP
204,709,450,MBP
520,1098,208,MBP
365,1059,288,MBP
410,605,168,MBP
239,1138,224,MBP
392,642,280,MBP
364,805,340,MBP
414,910,130,MBP
55,656,192,MBP
294,934,240,MBP
291,773,272,MBP
745,1064,220,MBP
653,769,221,MBP
712,953,140,MBP
681,821,195,MBP
288,603,99,MBP
259,677,210,MBP
230,610,144,MBP
69,1105,208,MBP
338,847,255,MBP
325,803,195,MBP
274,1115,165,MBP
541,822,195,MBP
538,677,210,MBP
400,869,368,MBP
676,1038,156,MBP
545,1055,180,MBP
716,962,195,MBP
77,778,204,MBP
73,671,234,MBP
81,908,132,MBP
565,862,208,MBP
623,982,180,MBP
575,841,143,MBP
126,690,306,MBP
475,1106,156,MBP
191,744,483,MBP
2,816,240,MBP
228,1037,180,MBP
667,1139,195,MBP
40,827,182,MBP
117,772,240,MBP
286,967,165,MBP
187,754,288,MBP
547,1014,192,MBP
637,763,165,MBP
278,861,378,MBP
38,723,144,MBP
396,622,210,MBP
634,872,169,MBP
688,642,225,MBP
212,909,250,MBP
561,753,180,MBP
126,690,195,MBP
190,621,154,MBP
189,785,300,MBP
116,702,182,MBP
623,787,210,MBP
9,974,208,MBP
215,610,168,MBP
559,917,154,MBP
618,760,234,MBP
289,1032,180,MBP
636,921,195,MBP
620,963,195,MBP
44,751,288,MBP
461,959,182,MBP
486,818,112,MBP
695,817,176,MBP
657,721,238,MBP
370,678,270,MBP
143,1048,180,MBP
81,868,288,MBP
212,908,198,MBP
119,1161,238,MBP
725,885,210,MBP
553,782,224,MBP
637,1010,169,MBP
131,1117,182,MBP
441,1129,143,MBP
307,1063,144,MBP
699,1023,132,MBP
390,655,156,MBP
123,1131,182,MBP
105,972,224,MBP
231,775,289,MBP
187,832,225,MBP
706,999,224,MBP
400,693,154,MBP
565,1150,225,MBP
41,663,187,MBP
685,591,221,MBP
227,785,238,MBP
683,678,256,MBP
190,830,192,MBP
671,1110,140,MBP
730,952,165,MBP
664,984,130,MBP
544,639,252,MBP
574,1115,221,MBP
102,1078,169,MBP
192,818,224,MBP
387,787,238,MBP
644,833,117,MBP
577,1036,135,MBP
573,906,210,MBP
519,718,160,MBP
510,848,252,MBP
251,1001,140,MBP
491,742,240,MBP
510,686,156,MBP
315,1156,256,MBP
188,618,204,MBP
551,1133,270,MBP
602,1132,176,MBP
297,904,180,MBP
447,892,224,MBP
322,680,221,MBP
80,838,165,MBP
174,951,270,MBP
612,768,208,MBP
681,763,216,MBP
29,862,168,MBP
143,806,180,MBP
495,1024,352,MBP
450,607,208,MBP
500,693,156,MBP
194,795,240,MBP
682,955,195,MBP
553,644,252,MBP
593,958,196,MBP
639,728,234,MBP
624,751,143,hand-drawn
620,720,120,hand-drawn
616,680,169,hand-drawn
527,651,182,hand-drawn
537,733,100,hand-drawn
524,766,165,hand-drawn
480,761,304,hand-drawn
435,679,108,hand-drawn
435,831,160,hand-drawn
483,877,154,hand-drawn
489,1080,99,hand-drawn
520,879,108,hand-drawn
589,844,110,hand-drawn
596,833,100,hand-drawn
622,842,170,hand-drawn
496,925,72,hand-drawn
470,935,66,hand-drawn
419,981,90,hand-drawn
427,992,99,hand-drawn
301,830,84,hand-drawn
295,819,81,hand-drawn
426,937,99,hand-drawn
467,896,96,hand-drawn
323,941,169,hand-drawn
306,920,110,hand-drawn
232,936,117,hand-drawn
241,947,108,hand-drawn
214,946,108,hand-drawn
153,970,104,hand-drawn
161,913,132,hand-drawn
159,881,96,hand-drawn
198,871,80,hand-drawn
235,869,108,hand-drawn
255,845,132,hand-drawn
287,843,100,hand-drawn
266,785,143,hand-drawn
495,863,143,hand-drawn
259,1087,80,hand-drawn
240,1098,72,hand-drawn
211,1100,63,hand-drawn
245,1056,88,hand-drawn
527,1041,70,hand-drawn
532,1056,77,hand-drawn
543,1068,99,hand-drawn
676,946,100,hand-drawn
687,940,77,hand-drawn
690,957,88,hand-drawn
679,939,180,hand-drawn
476,1019,143,hand-drawn
465,1039,99,hand-drawn
455,983,143,hand-drawn
479,966,130,hand-drawn
569,948,156,hand-drawn
577,925,56,hand-drawn
647,952,81,hand-drawn
707,848,120,hand-drawn
696,781,180,hand-drawn
673,779,90,hand-drawn
701,694,80,hand-drawn
710,624,121,hand-drawn
702,592,132,hand-drawn
123,1011,117,hand-drawn
155,833,110,hand-drawn
144,824,81,hand-drawn
111,823,63,hand-drawn
112,806,90,hand-drawn
180,735,56,hand-drawn
105,729,80,hand-drawn
178,680,90,hand-drawn
601,764,140,hand-drawn
342,842,90,hand-drawn
329,847,168,hand-drawn
225,761,182,hand-drawn
383,1020,130,hand-drawn
365,1074,117,hand-drawn
485,856,100,hand-drawn
463,868,80,hand-drawn
627,1118,135,hand-drawn
639,1133,64,hand-drawn
668,1123,72,hand-drawn
640,1158,90,hand-drawn
646,812,132,hand-drawn
298,706,221,hand-drawn
313,786,110,hand-drawn
305,768,130,hand-drawn
293,763,108,hand-drawn
565,596,54,hand-drawn
150,615,160,hand-drawn
39,1108,156,hand-drawn
969,1103,496,MBP
1146,675,224,MBP
1354,662,180,MBP
1315,691,224,MBP
793,963,192,MBP
872,898,221,MBP
1172,1034,144,MBP
1097,1130,304,MBP
1143,640,156,MBP
840,779,210,MBP
785,833,165,MBP
1000,1081,204,MBP
1258,627,204,MBP
1447,896,143,MBP
1204,802,182,MBP
901,950,180,MBP
1035,830,168,MBP
1471,896,210,MBP
1102,730,240,MBP
1055,1143,342,MBP
764,898,221,MBP
1392,1055,169,MBP
839,1046,198,MBP
1101,728,182,MBP
1236,835,208,MBP
1054,661,208,MBP
1370,1079,360,MBP
1438,1122,300,MBP
1097,962,315,MBP
1474,1095,289,MBP
1181,677,224,MBP
1487,1066,323,MBP
1148,802,168,MBP
842,1068,240,MBP
1269,701,266,MBP
1095,773,169,MBP
975,805,210,MBP
1258,866,182,MBP
1416,989,210,MBP
1001,943,224,MBP
989,625,234,MBP
834,893,210,MBP
823,882,224,MBP
1371,660,208,MBP
1130,856,324,MBP
903,702,391,MBP
876,964,182,MBP
1400,813,165,MBP
1303,671,168,MBP
1303,1049,240,MBP
1372,929,169,MBP
1155,1088,198,MBP
1085,1147,196,MBP
1213,870,156,MBP
972,713,225,MBP
1398,857,288,MBP
987,896,168,MBP
942,929,196,MBP
824,678,255,MBP
1391,720,156,MBP
1273,1025,399,MBP
846,1136,195,MBP
769,630,180,MBP
893,808,224,MBP
836,775,210,MBP
1198,924,165,MBP
932,1080,182,MBP
1207,817,272,MBP
1155,850,182,MBP
1087,726,169,MBP
1014,758,130,MBP
1437,771,182,MBP
1402,1156,156,MBP
776,863,323,MBP
869,609,210,MBP
1226,701,180,MBP
1326,1142,272,MBP
1309,795,210,MBP
820,729,256,MBP
1367,699,154,MBP
786,857,224,MBP
807,683,204,MBP
1448,1039,169,MBP
1127,1065,225,MBP
1317,868,196,MBP
1211,1120,289,MBP
802,830,182,MBP
901,661,240,MBP
806,1061,182,MBP
1096,1021,182,MBP
1248,649,208,MBP
1243,1049,182,MBP
1059,975,143,MBP
1049,866,304,MBP
1151,673,234,MBP
1465,1151,196,MBP
1295,923,238,MBP
1248,779,240,MBP
1094,871,221,MBP
1039,870,234,MBP
1308,693,180,MBP
898,952,156,MBP
874,1160,238,MBP
939,995,266,MBP
896,908,210,MBP
783,1043,156,MBP
787,638,270,MBP
1106,858,187,MBP
795,874,225,MBP
1262,1125,216,MBP
1245,873,140,MBP
1328,818,182,MBP
1176,722,154,MBP
1109,1008,234,MBP
990,828,192,MBP
828,734,240,MBP
1285,901,180,MBP
1145,704,196,MBP
1010,761,208,MBP
1300,662,143,MBP
764,716,204,MBP
1031,752,182,MBP
821,929,441,MBP
1394,816,168,MBP
1094,906,80,MBP
1304,1015,216,MBP
1406,1118,294,MBP
1048,841,208,MBP
1250,907,204,MBP
1253,780,238,MBP
1318,1012,270,MBP
850,1152,306,MBP
823,724,252,MBP
1375,1037,154,MBP
974,668,252,MBP
775,895,238,MBP
987,986,192,MBP
1161,1035,143,MBP
1432,922,288,MBP
987,986,196,MBP
906,1107,192,MBP
1336,926,224,MBP
1296,967,100,hand-drawn
1173,969,108,hand-drawn
1190,989,187,hand-drawn
1233,999,108,hand-drawn
1246,988,117,hand-drawn
1223,1009,104,hand-drawn
1272,1005,100,hand-drawn
1278,988,117,hand-drawn
1262,1051,100,hand-drawn
1305,1168,143,hand-drawn
1283,1137,110,hand-drawn
1387,992,90,hand-drawn
1398,1065,90,hand-drawn
1411,1075,132,hand-drawn
1420,1040,56,hand-drawn
1429,1045,72,hand-drawn
1444,978,56,hand-drawn
1448,1007,100,hand-drawn
1472,975,90,hand-drawn
1457,942,80,hand-drawn
1472,940,132,hand-drawn
1480,921,144,hand-drawn
1479,866,99,hand-drawn
1489,856,120,hand-drawn
1423,831,117,hand-drawn
1460,815,99,hand-drawn
1487,809,70,hand-drawn
1482,793,80,hand-drawn
1178,954,72,hand-drawn
1166,932,64,hand-drawn
1173,908,56,hand-drawn
1168,885,80,hand-drawn
1227,832,156,hand-drawn
1226,813,99,hand-drawn
1086,915,120,hand-drawn
960,898,132,hand-drawn
959,874,143,hand-drawn
938,839,110,hand-drawn
910,896,140,hand-drawn
873,953,99,hand-drawn
857,988,100,hand-drawn
887,1003,121,hand-drawn
891,1058,110,hand-drawn
887,1093,168,hand-drawn
849,1164,120,hand-drawn
830,949,234,hand-drawn
926,660,120,hand-drawn
939,696,108,hand-drawn
967,641,132,hand-drawn
992,636,132,hand-drawn
1071,598,228,hand-drawn
1256,683,182,hand-drawn
1201,661,238,hand-drawn
1192,735,150,hand-drawn
1272,734,77,hand-drawn
1346,719,126,hand-drawn
1248,1169,130,hand-drawn
1278,949,182,hand-drawn
1390,890,144,hand-drawn
945,887,88,hand-drawn
932,870,96,hand-drawn
1039,812,88,hand-drawn
1413,612,156,hand-drawn
1478,649,130,hand-drawn
1356,804,70,hand-drawn
950,1130,140,hand-drawn
997,1134,140,hand-drawn
1021,1063,72,hand-drawn
1016,1046,88,hand-drawn
782,1060,169,hand-drawn
852,943,90,hand-drawn
1039,918,99,hand-drawn
1363,947,96,hand-drawn
1113,774,104,hand-drawn
1374,735,110,hand-drawn
788,737,120,hand-drawn
782,782,154,hand-drawn
824,802,130,hand-drawn
843,845,120,hand-drawn
823,832,91,hand-drawn
891,773,90,hand-drawn
782,602,168,hand-drawn
388,1658,156,MBP
106,1358,192,MBP
228,1446,182,MBP
240,1517,182,MBP
512,1311,117,MBP
584,1382,182,MBP
125,1202,169,MBP
734,1372,288,MBP
534,1376,225,MBP
66,1416,168,MBP
36,1339,520,MBP
519,1224,196,MBP
653,1699,240,MBP
389,1493,195,MBP
475,1444,224,MBP
347,1454,210,MBP
482,1686,180,MBP
375,1495,169,MBP
122,1516,156,MBP
127,1292,132,MBP
146,1562,160,MBP
438,1622,192,MBP
572,1702,160,MBP
121,1557,154,MBP
223,1582,156,MBP
466,1324,182,MBP
125,1623,156,MBP
622,1515,286,MBP
235,1629,234,MBP
546,1347,168,MBP
78,1693,294,MBP
289,1325,272,MBP
425,1266,306,MBP
65,1197,210,MBP
507,1595,208,MBP
311,1449,182,MBP
547,1436,210,MBP
307,1574,140,MBP
60,1655,240,MBP
556,1470,224,MBP
41,1301,140,MBP
464,1328,195,MBP
669,1318,195,MBP
349,1250,176,MBP
223,1659,224,MBP
242,1326,224,MBP
407,1215,221,MBP
595,1643,176,MBP
359,1645,336,MBP
473,1499,156,MBP
235,1362,266,MBP
225,1390,180,MBP
517,1694,252,MBP
256,1718,180,MBP
415,1704,168,MBP
452,1252,182,MBP
548,1211,169,MBP
715,1622,182,MBP
458,1548,195,MBP
23,1238,160,MBP
660,1417,288,MBP
603,1304,168,MBP
122,1384,169,MBP
102,1463,176,MBP
229,1256,180,MBP
314,1416,182,MBP
185,1197,156,MBP
177,1514,154,MBP
640,1722,255,MBP
126,1479,224,MBP
425,1597,225,MBP
277,1211,168,MBP
461,1667,300,MBP
16,1513,198,MBP
22,1344,360,MBP
665,1638,130,MBP
161,1192,324,MBP
602,1704,255,MBP
377,1206,195,MBP
292,1574,140,MBP
421,1231,165,MBP
638,1238,210,MBP
664,1327,210,MBP
619,1626,187,MBP
216,1554,196,MBP
688,1233,285,MBP
334,1629,180,MBP
574,1749,143,MBP
635,1190,192,MBP
325,1448,168,MBP
32,1279,209,MBP
309,1283,84,hand-drawn
286,1295,182,hand-drawn
276,1307,143,hand-drawn
274,1315,132,hand-drawn
376,1384,144,hand-drawn
359,1435,120,hand-drawn
398,1425,88,hand-drawn
389,1412,80,hand-drawn
402,1409,110,hand-drawn
394,1397,120,hand-drawn
419,1438,56,hand-drawn
255,1441,70,hand-drawn
239,1438,220,hand-drawn
279,1437,81,hand-drawn
178,1351,182,hand-drawn
144,1343,90,hand-drawn
163,1350,42,hand-drawn
155,1360,132,hand-drawn
191,1386,70,hand-drawn
133,1399,120,hand-drawn
105,1417,90,hand-drawn
71,1471,99,hand-drawn
50,1466,88,hand-drawn
32,1446,99,hand-drawn
7,1487,160,hand-drawn
58,1529,132,hand-drawn
32,1526,110,hand-drawn
13,1619,110,hand-drawn
42,1629,100,hand-drawn
190,1621,130,hand-drawn
204,1618,110,hand-drawn
260,1591,156,hand-drawn
274,1629,110,hand-drawn
260,1648,64,hand-drawn
264,1674,100,hand-drawn
282,1680,63,hand-drawn
270,1719,110,hand-drawn
227,1707,120,hand-drawn
122,1571,120,hand-drawn
129,1540,168,hand-drawn
84,1554,130,hand-drawn
84,1515,110,hand-drawn
163,1400,210,hand-drawn
64,1718,143,hand-drawn
94,1733,143,hand-drawn
107,1746,108,hand-drawn
44,1729,144,hand-drawn
29,1755,156,hand-drawn
120,1708,63,hand-drawn
135,1697,154,hand-drawn
17,1665,72,hand-drawn
356,1738,90,hand-drawn
350,1749,100,hand-drawn
368,1680,120,hand-drawn
394,1623,77,hand-drawn
372,1601,63,hand-drawn
359,1607,100,hand-drawn
331,1665,99,hand-drawn
560,1736,99,hand-drawn
539,1710,42,hand-drawn
554,1703,81,hand-drawn
457,1727,150,hand-drawn
477,1724,182,hand-drawn
437,1635,144,hand-drawn
491,1551,132,hand-drawn
541,1532,187,hand-drawn
548,1573,110,hand-drawn
575,1598,110,hand-drawn
640,1530,99,hand-drawn
612,1577,110,hand-drawn
663,1593,154,hand-drawn
677,1585,54,hand-drawn
688,1604,165,hand-drawn
642,1675,154,hand-drawn
617,1725,324,hand-drawn
615,1749,120,hand-drawn
588,1745,96,hand-drawn
368,1733,180,hand-drawn
230,1725,132,hand-drawn
222,1731,88,hand-drawn
89,1720,110,hand-drawn
35,1636,112,hand-drawn
210,1338,126,hand-drawn
226,1299,192,hand-drawn
237,1320,110,hand-drawn
270,1245,140,hand-drawn
293,1268,110,hand-drawn
342,1293,180,hand-drawn
346,1281,156,hand-drawn
365,1262,192,hand-drawn
395,1309,90,hand-drawn
435,1318,210,hand-drawn
357,1351,104,hand-drawn
363,1362,160,hand-drawn
381,1335,99,hand-drawn
372,1334,99,hand-drawn
317,1329,156,hand-drawn
300,1346,117,hand-drawn
203,1306,143,hand-drawn
206,1273,110,hand-drawn
192,1307,132,hand-drawn
254,1272,168,hand-drawn
61,1213,120,hand-drawn
40,1209,169,hand-drawn
61,1315,140,hand-drawn
15,1276,240,hand-drawn
92,1177,240,hand-drawn
314,1202,117,hand-drawn
533,1497,180,hand-drawn
498,1491,80,hand-drawn
410,1498,144,hand-drawn
442,1484,120,hand-drawn
446,1502,99,hand-drawn
375,1547,120,hand-drawn
459,1493,100,hand-drawn
358,1526,132,hand-drawn
406,1566,90,hand-drawn
407,1553,77,hand-drawn
421,1657,156,hand-drawn
532,1667,120,hand-drawn
545,1643,132,hand-drawn
672,1661,132,hand-drawn
692,1646,208,hand-drawn
623,1678,132,hand-drawn
694,1744,110,hand-drawn
681,1739,98,hand-drawn
546,1392,182,hand-drawn
625,1390,143,hand-drawn
599,1443,130,hand-drawn
622,1451,140,hand-drawn
714,1353,144,hand-drawn
699,1318,132,hand-drawn
602,1246,169,hand-drawn
392,1267,99,hand-drawn
687,1478,238,hand-drawn
692,1488,132,hand-drawn
695,1517,144,hand-drawn
722,1534,132,hand-drawn
730,1557,88,hand-drawn
742,1579,108,hand-drawn
723,1581,100,hand-drawn
717,1601,156,hand-drawn
588,1553,150,hand-drawn
357,1533,170,hand-drawn
454,1262,132,hand-drawn
309,1262,99,hand-drawn
736,1311,98,hand-drawn
872,1262,182,MBP
1415,1342,224,MBP
982,1657,225,MBP
1400,1301,240,MBP
1128,1606,180,MBP
1379,1363,132,MBP
1044,1623,216,MBP
834,1729,182,MBP
1393,1250,144,MBP
1148,1505,180,MBP
1110,1671,238,MBP
1153,1268,224,MBP
1088,1304,156,MBP
1265,1675,225,MBP
1127,1558,210,MBP
1202,1407,221,MBP
1050,1530,300,MBP
897,1353,210,MBP
1459,1418,216,MBP
1120,1210,168,MBP
942,1391,156,MBP
947,1508,132,MBP
1188,1647,165,MBP
1376,1650,165,MBP
863,1368,180,MBP
1245,1730,182,MBP
1169,1323,285,MBP
1190,1463,255,MBP
915,1257,221,MBP
1061,1387,315,MBP
1487,1502,225,MBP
1364,1722,198,MBP
846,1469,208,MBP
1031,1421,270,MBP
1414,1394,225,MBP
1025,1591,154,MBP
974,1565,210,MBP
1434,1568,238,MBP
1167,1188,255,MBP
883,1745,300,MBP
884,1544,144,MBP
1472,1689,221,MBP
1280,1720,345,MBP
1215,1558,210,MBP
1355,1680,192,MBP
1388,1545,150,MBP
1336,1259,247,MBP
1349,1570,208,MBP
1018,1177,340,MBP
1398,1654,208,MBP
979,1457,289,MBP
882,1709,225,MBP
753,1423,208,MBP
801,1510,168,MBP
1283,1290,168,MBP
1270,1635,180,MBP
1119,1465,196,MBP
1487,1480,165,MBP
1321,1527,180,MBP
1017,1388,180,MBP
1436,1488,195,MBP
1332,1396,180,MBP
848,1211,208,MBP
1425,1587,182,MBP
849,1354,156,MBP
1398,1222,176,MBP
977,1596,238,MBP
1139,1243,130,MBP
1483,1349,165,MBP
908,1661,192,MBP
1388,1536,176,MBP
841,1295,240,MBP
1322,1539,216,MBP
1009,1489,256,MBP
1284,1544,255,MBP
1176,1245,165,MBP
1047,1361,176,MBP
1410,1692,195,MBP
1154,1494,221,MBP
1298,1259,130,MBP
1361,1453,192,MBP
979,1295,182,MBP
810,1460,240,MBP
1131,1755,280,MBP
940,1689,256,MBP
1313,1575,255,MBP
1062,1178,270,MBP
1111,1218,195,MBP
887,1386,240,MBP
820,1372,304,MBP
990,1194,169,MBP
1210,1316,196,MBP
833,1267,165,MBP
1475,1542,320,MBP
1407,1179,252,MBP
982,1209,165,MBP
973,1239,156,MBP
1238,1555,210,MBP
1034,1256,180,MBP
771,1312,234,MBP
1269,1570,180,MBP
1090,1595,221,MBP
822,1609,221,MBP
1267,1229,182,MBP
1332,1268,196,MBP
1473,1547,374,MBP
1233,1426,195,MBP
958,1747,204,MBP
1214,1209,216,MBP
793,1659,264,MBP
788,1710,187,MBP
1322,1217,288,MBP
1402,1329,154,MBP
1187,1608,210,MBP
1455,1355,204,MBP
1090,1377,221,MBP
896,1636,168,MBP
1170,1257,266,MBP
1139,1281,238,MBP
762,1644,252,MBP
879,1244,224,MBP
868,1494,238,MBP
1077,1249,210,MBP
1223,1334,48,hand-drawn
1224,1340,90,hand-drawn
1245,1401,99,hand-drawn
1246,1370,54,hand-drawn
1257,1379,81,hand-drawn
1278,1384,182,hand-drawn
1267,1396,63,hand-drawn
1272,1319,80,hand-drawn
1291,1321,100,hand-drawn
1309,1306,132,hand-drawn
1313,1282,126,hand-drawn
1338,1319,90,hand-drawn
1388,1390,110,hand-drawn
1416,1473,182,hand-drawn
1422,1426,100,hand-drawn
1353,1528,120,hand-drawn
1383,1495,182,hand-drawn
1159,1708,110,hand-drawn
1132,1723,81,hand-drawn
997,1643,108,hand-drawn
934,1595,140,hand-drawn
964,1582,132,hand-drawn
980,1592,144,hand-drawn
925,1601,132,hand-drawn
801,1578,195,hand-drawn
766,1586,80,hand-drawn
1083,1635,121,hand-drawn
1081,1673,130,hand-drawn
1028,1655,121,hand-drawn
1004,1680,99,hand-drawn
1043,1407,90,hand-drawn
1136,1327,117,hand-drawn
1129,1307,121,hand-drawn
1117,1258,99,hand-drawn
1038,1224,132,hand-drawn
1040,1202,121,hand-drawn
1001,1251,121,hand-drawn
969,1264,77,hand-drawn
976,1286,80,hand-drawn
1048,1286,72,hand-drawn
939,1318,99,hand-drawn
913,1320,99,hand-drawn
909,1334,108,hand-drawn
886,1330,143,hand-drawn
876,1423,117,hand-drawn
906,1478,144,hand-drawn
834,1522,108,hand-drawn
770,1717,154,hand-drawn
797,1750,99,hand-drawn
802,1740,99,hand-drawn
841,1750,80,hand-drawn
910,1735,165,hand-drawn
936,1711,96,hand-drawn
827,1741,182,hand-drawn
776,1411,169,hand-drawn
779,1438,88,hand-drawn
776,1369,66,hand-drawn
772,1189,168,hand-drawn
763,1193,117,hand-drawn
771,1210,121,hand-drawn
1287,1640,117,hand-drawn
1264,1596,182,hand-drawn
1445,1653,169,hand-drawn
1468,1653,121,hand-drawn
1463,1713,182,hand-drawn
1448,1718,156,hand-drawn
1431,1718,132,hand-drawn
1394,1688,88,hand-drawn
1340,1624,143,hand-drawn
1350,1644,99,hand-drawn
1277,1623,140,hand-drawn
1249,1619,156,hand-drawn
1165,1642,182,hand-drawn
893,1680,156,hand-drawn
855,1439,156,hand-drawn
897,1369,182,hand-drawn
954,1436,150,hand-drawn
977,1445,100,hand-drawn
968,1416,108,hand-drawn
1012,1431,90,hand-drawn
968,1479,169,hand-drawn
1456,1276,84,hand-drawn
1465,1262,98,hand-drawn
1413,1254,88,hand-drawn
1407,1237,154,hand-drawn
1446,1249,240,hand-drawn
1314,1207,110,hand-drawn
1105,1194,156,hand-drawn
777,1293,153,hand-drawn
937,1366,143,hand-drawn
829,1405,81,hand-drawn
769,1541,121,hand-drawn
937,1549,72,hand-drawn
951,1534,110,hand-drawn
919,1494,90,hand-drawn
906,1432,90,hand-drawn
887,1443,100,hand-drawn
869,1485,90,hand-drawn
835,1294,143,hand-drawn
807,1195,156,hand-drawn
1248,1527,156,hand-drawn
1165,1740,121,hand-drawn
1478,1320,121,hand-drawn
1451,1401,100,hand-drawn
1475,1433,112,hand-drawn
1465,1454,120,hand-drawn
464,2046,220,MBP
503,2241,196,MBP
225,1944,324,MBP
622,1782,168,MBP
128,1943,210,MBP
21,2010,210,MBP
82,1937,160,MBP
143,1775,195,MBP
431,1782,256,MBP
346,2337,180,MBP
726,1956,255,MBP
556,1932,170,MBP
693,1952,210,MBP
650,2263,168,MBP
74,2297,182,MBP
687,2142,117,MBP
115,1832,224,MBP
57,1958,182,MBP
380,1905,156,MBP
348,2054,273,MBP
407,2256,144,MBP
300,2212,180,MBP
636,2196,209,MBP
601,2050,221,MBP
570,2343,234,MBP
518,2099,208,MBP
500,2254,168,MBP
266,1963,224,MBP
226,2111,210,MBP
48,2008,182,MBP
683,2113,255,MBP
490,1949,216,MBP
411,2119,195,MBP
266,2022,120,MBP
93,2315,204,MBP
671,1987,165,MBP
180,1828,176,MBP
79,2122,240,MBP
570,1795,256,MBP
591,1916,154,MBP
56,1989,120,MBP
318,1999,204,MBP
134,2250,182,MBP
329,1947,165,MBP
703,2083,170,MBP
428,1940,208,MBP
168,2117,156,MBP
428,2277,216,MBP
719,2105,187,MBP
123,1771,255,MBP
161,2122,204,MBP
320,1878,99,MBP
372,1887,130,MBP
283,2057,234,MBP
558,2105,238,MBP
681,2030,192,MBP
362,2092,224,MBP
284,1917,150,MBP
78,2327,204,MBP
618,2069,156,MBP
34,2188,196,MBP
150,1944,240,MBP
592,2055,247,MBP
59,2289,91,MBP
23,1805,299,MBP
648,1840,342,MBP
466,1804,270,MBP
737,2200,168,MBP
174,2252,176,MBP
219,2256,144,MBP
122,2133,285,MBP
415,2243,144,MBP
551,1957,304,MBP
651,2289,240,MBP
370,2121,196,MBP
52,2073,150,MBP
453,2269,195,MBP
575,1949,255,MBP
114,1952,256,MBP
300,2290,198,MBP
705,2175,140,MBP
701,1934,208,MBP
170,2018,169,MBP
334,1952,110,hand-drawn
289,2004,100,hand-drawn
275,2003,63,hand-drawn
309,2103,132,hand-drawn
324,2137,150,hand-drawn
303,2158,168,hand-drawn
305,2176,160,hand-drawn
289,2158,90,hand-drawn
260,2157,117,hand-drawn
389,2137,77,hand-drawn
402,2154,110,hand-drawn
413,2180,99,hand-drawn
353,2138,150,hand-drawn
338,2136,72,hand-drawn
338,2160,90,hand-drawn
337,2175,100,hand-drawn
331,2230,120,hand-drawn
319,2227,56,hand-drawn
307,2236,42,hand-drawn
306,2244,42,hand-drawn
317,2252,72,hand-drawn
359,2248,112,hand-drawn
354,2262,56,hand-drawn
361,2285,80,hand-drawn
345,2277,77,hand-drawn
210,2262,104,hand-drawn
195,2281,130,hand-drawn
166,2285,130,hand-drawn
76,2317,70,hand-drawn
67,2339,72,hand-drawn
83,2339,126,hand-drawn
21,2322,99,hand-drawn
6,2330,100,hand-drawn
84,2194,72,hand-drawn
72,2208,100,hand-drawn
87,2233,63,hand-drawn
89,2234,72,hand-drawn
126,2154,48,hand-drawn
504,2134,110,hand-drawn
587,1994,70,hand-drawn
589,1982,104,hand-drawn
636,2011,117,hand-drawn
641,2042,120,hand-drawn
280,2212,100,hand-drawn
265,2217,104,hand-drawn
219,2229,88,hand-drawn
206,2229,110,hand-drawn
181,2229,64,hand-drawn
230,2185,64,hand-drawn
214,2194,110,hand-drawn
205,2215,117,hand-drawn
193,2195,64,hand-drawn
207,2171,81,hand-drawn
195,2176,90,hand-drawn
183,2168,90,hand-drawn
170,2161,90,hand-drawn
153,2162,56,hand-drawn
199,2119,88,hand-drawn
196,2107,81,hand-drawn
101,2127,81,hand-drawn
61,2139,49,hand-drawn
67,2165,108,hand-drawn
44,2147,90,hand-drawn
27,2140,63,hand-drawn
22,2119,72,hand-drawn
14,2154,110,hand-drawn
9,2131,64,hand-drawn
67,2118,110,hand-drawn
122,2223,100,hand-drawn
161,2204,121,hand-drawn
474,2302,88,hand-drawn
461,2288,140,hand-drawn
451,2295,108,hand-drawn
470,2334,72,hand-drawn
503,2322,98,hand-drawn
527,2336,110,hand-drawn
540,2344,72,hand-drawn
606,2273,121,hand-drawn
600,2264,110,hand-drawn
579,2261,110,hand-drawn
567,2246,64,hand-drawn
558,2241,100,hand-drawn
565,2223,100,hand-drawn
553,2222,90,hand-drawn
444,2216,80,hand-drawn
441,2205,132,hand-drawn
427,2220,110,hand-drawn
425,2236,99,hand-drawn
413,2239,121,hand-drawn
415,2206,72,hand-drawn
405,2204,56,hand-drawn
390,2192,156,hand-drawn
369,2196,90,hand-drawn
359,2212,81,hand-drawn
306,2084,210,hand-drawn
321,2096,143,hand-drawn
275,2084,108,hand-drawn
244,2070,88,hand-drawn
241,2130,63,hand-drawn
223,2154,42,hand-drawn
231,2161,143,hand-drawn
189,2052,88,hand-drawn
186,2068,80,hand-drawn
222,2033,70,hand-drawn
210,2023,90,hand-drawn
217,2037,63,hand-drawn
235,2015,90,hand-drawn
252,2000,48,hand-drawn
253,2022,120,hand-drawn
116,2034,42,hand-drawn
117,2027,80,hand-drawn
102,2023,80,hand-drawn
150,2007,100,hand-drawn
171,2002,99,hand-drawn
177,1998,99,hand-drawn
201,1976,78,hand-drawn
203,1962,80,hand-drawn
231,1980,56,hand-drawn
155,2062,72,hand-drawn
135,2054,72,hand-drawn
122,2060,72,hand-drawn
183,1923,126,hand-drawn
220,1894,143,hand-drawn
216,1920,110,hand-drawn
253,1913,100,hand-drawn
260,1934,120,hand-drawn
263,1948,110,hand-drawn
252,1956,56,hand-drawn
314,1941,72,hand-drawn
295,1967,99,hand-drawn
360,1922,63,hand-drawn
381,1961,143,hand-drawn
354,1979,121,hand-drawn
380,1981,120,hand-drawn
394,2005,154,hand-drawn
384,2024,110,hand-drawn
339,2032,63,hand-drawn
316,2053,104,hand-drawn
440,2019,77,hand-drawn
413,1983,100,hand-drawn
406,1926,63,hand-drawn
414,1911,54,hand-drawn
388,1868,72,hand-drawn
476,1956,132,hand-drawn
490,1890,168,hand-drawn
183,1907,90,hand-drawn
185,1891,108,hand-drawn
95,1902,126,hand-drawn
75,1903,80,hand-drawn
63,1898,63,hand-drawn
50,1912,108,hand-drawn
42,1928,99,hand-drawn
94,1916,63,hand-drawn
53,1837,100,hand-drawn
198,1862,66,hand-drawn
221,1824,99,hand-drawn
249,1863,56,hand-drawn
295,1862,64,hand-drawn
284,1879,80,hand-drawn
339,1870,80,hand-drawn
351,1925,36,hand-drawn
342,1920,49,hand-drawn
9,1961,100,hand-drawn
6,1936,110,hand-drawn
7,1948,98,hand-drawn
25,1928,100,hand-drawn
10,1821,121,hand-drawn
33,1847,132,hand-drawn
136,1837,70,hand-drawn
26,2338,72,hand-drawn
51,2203,72,hand-drawn
112,1912,81,hand-drawn
58,1818,144,hand-drawn
75,1796,120,hand-drawn
103,1799,64,hand-drawn
254,1807,110,hand-drawn
245,1792,56,hand-drawn
226,1793,99,hand-drawn
194,1790,63,hand-drawn
382,1805,96,hand-drawn
393,1833,108,hand-drawn
352,1821,63,hand-drawn
358,1838,81,hand-drawn
307,1807,99,hand-drawn
386,2113,100,hand-drawn
326,2291,88,hand-drawn
300,2298,48,hand-drawn
230,2256,90,hand-drawn
282,2170,48,hand-drawn
482,2086,84,hand-drawn
537,2096,63,hand-drawn
541,2084,117,hand-drawn
569,2130,100,hand-drawn
568,2108,49,hand-drawn
563,2147,64,hand-drawn
579,2067,64,hand-drawn
594,2026,72,hand-drawn
639,1928,80,hand-drawn
652,1928,120,hand-drawn
673,1934,90,hand-drawn
693,2022,110,hand-drawn
724,2030,182,hand-drawn
727,2147,108,hand-drawn
560,1900,110,hand-drawn
531,1930,54,hand-drawn
548,1935,70,hand-drawn
519,1938,168,hand-drawn
509,1881,100,hand-drawn
501,1835,66,hand-drawn
480,1809,120,hand-drawn
477,1823,81,hand-drawn
454,1838,81,hand-drawn
441,1804,99,hand-drawn
424,1815,80,hand-drawn
412,1802,90,hand-drawn
414,1791,72,hand-drawn
424,1789,64,hand-drawn
389,1782,154,hand-drawn
466,1780,56,hand-drawn
543,1824,84,hand-drawn
601,1818,99,hand-drawn
593,1784,81,hand-drawn
602,1845,88,hand-drawn
611,1846,143,hand-drawn
593,1855,72,hand-drawn
722,1891,117,hand-drawn
736,1875,110,hand-drawn
633,2163,112,hand-drawn
653,2133,84,hand-drawn
581,2286,77,hand-drawn
737,2250,63,hand-drawn
691,2308,63,hand-drawn
618,2106,63,hand-drawn
653,2097,64,hand-drawn
638,2126,81,hand-drawn
604,2171,104,hand-drawn
503,2104,80,hand-drawn
626,1957,54,hand-drawn
688,1899,90,hand-drawn
689,1881,90,hand-drawn
668,1897,63,hand-drawn
643,1820,108,hand-drawn
641,1826,90,hand-drawn
654,1797,110,hand-drawn
534,1857,108,hand-drawn
684,1809,120,hand-drawn
694,1808,99,hand-drawn
647,1870,88,hand-drawn
734,1845,120,hand-drawn
707,1882,64,hand-drawn
724,1919,154,hand-drawn
716,1923,110,hand-drawn
419,2265,156,hand-drawn
388,2251,56,hand-drawn
365,1942,49,hand-drawn
332,1903,88,hand-drawn
257,1847,63,hand-drawn
323,1782,56,hand-drawn
614,2241,96,hand-drawn
612,2224,77,hand-drawn
525,2032,70,hand-drawn
515,2033,120,hand-drawn
230,2335,60,hand-drawn
71,1996,104,hand-drawn
1464,1866,168,MBP
1357,1868,165,MBP
984,1825,165,MBP
1262,2106,165,MBP
1263,2300,240,MBP
1402,1816,208,MBP
1367,1804,221,MBP
817,1862,154,MBP
765,1903,204,MBP
1434,1984,187,MBP
1044,2230,266,MBP
930,2331,209,MBP
842,2081,117,MBP
1004,1968,221,MBP
1203,1952,168,MBP
1253,2244,140,MBP
1245,1764,228,MBP
987,1939,176,MBP
1480,2033,198,MBP
845,2072,130,MBP
1277,2066,210,MBP
1028,2261,156,MBP
1229,2153,154,MBP
771,1835,168,MBP
1149,2156,195,MBP
1023,2202,252,MBP
835,1800,224,MBP
1429,2254,154,MBP
1480,2191,252,MBP
1026,1918,120,MBP
1070,2002,140,MBP
1009,1815,204,MBP
1111,1844,228,MBP
1013,1806,170,MBP
1094,2259,154,MBP
1394,1839,165,MBP
1434,1984,165,MBP
788,1889,210,MBP
1153,2305,304,MBP
843,2163,208,MBP
1495,2106,190,MBP
1402,2133,288,MBP
1447,2173,169,MBP
765,2087,168,MBP
991,2293,176,MBP
1099,2340,225,MBP
1341,1769,130,MBP
1108,1808,196,MBP
1339,2317,187,MBP
783,2141,156,MBP
842,1947,168,MBP
984,2071,247,MBP
1399,2005,120,MBP
1270,1889,208,MBP
1165,1762,288,MBP
1111,1857,204,MBP
844,2307,234,MBP
1285,2005,140,MBP
864,2102,225,MBP
1195,2097,126,MBP
1235,2057,192,MBP
800,1776,289,MBP
971,1873,150,MBP
841,1871,196,MBP
769,2234,270,MBP
1321,1795,272,MBP
1300,2305,162,MBP
829,1797,252,MBP
1406,1859,154,MBP
922,1863,270,MBP
943,2006,144,MBP
1153,1876,224,MBP
1047,2319,204,MBP
1357,2322,240,MBP
918,2042,182,MBP
969,1819,182,MBP
922,1967,208,MBP
775,2208,110,MBP
1460,1968,255,MBP
1443,2271,195,MBP
752,2232,266,MBP
910,2057,195,MBP
1040,2090,195,MBP
1435,2301,182,MBP
896,2186,121,MBP
879,2106,195,MBP
1031,2308,266,MBP
1110,2148,176,MBP
1110,1937,168,MBP
1430,2037,192,MBP
1292,1882,234,MBP
1401,2100,154,MBP
890,2180,169,MBP
1084,1852,165,MBP
978,1936,180,MBP
1398,1815,221,MBP
921,1945,160,MBP
1066,2143,154,MBP
917,1845,180,MBP
796,2203,240,MBP
1385,2220,144,MBP
987,2004,224,MBP
997,2292,280,MBP
1228,2298,336,MBP
907,2089,144,hand-drawn
1072,2085,96,hand-drawn
1038,2045,90,hand-drawn
1028,2059,100,hand-drawn
1011,2061,54,hand-drawn
1017,2098,72,hand-drawn
989,2135,56,hand-drawn
1172,2057,90,hand-drawn
1180,2044,96,hand-drawn
1167,2226,80,hand-drawn
1090,2208,70,hand-drawn
1086,2222,49,hand-drawn
1080,2220,42,hand-drawn
1055,2209,88,hand-drawn
1098,2164,72,hand-drawn
1033,2143,48,hand-drawn
1049,2141,108,hand-drawn
1012,2136,56,hand-drawn
966,2150,49,hand-drawn
945,2188,49,hand-drawn
949,2197,81,hand-drawn
954,2220,49,hand-drawn
927,2237,143,hand-drawn
900,2240,54,hand-drawn
882,2238,64,hand-drawn
859,2256,42,hand-drawn
844,2255,90,hand-drawn
810,2292,77,hand-drawn
1223,2225,121,hand-drawn
1309,2190,72,hand-drawn
1305,2176,64,hand-drawn
1104,2020,63,hand-drawn
1108,2003,64,hand-drawn
1076,1972,100,hand-drawn
1185,2159,60,hand-drawn
1191,2147,64,hand-drawn
1196,2121,80,hand-drawn
1187,2127,84,hand-drawn
821,2129,132,hand-drawn
818,2148,88,hand-drawn
845,2131,112,hand-drawn
889,2067,91,hand-drawn
873,1885,198,hand-drawn
874,1862,63,hand-drawn
1067,1830,90,hand-drawn
1053,1823,168,hand-drawn
1041,1843,110,hand-drawn
1008,1866,80,hand-drawn
1008,1881,99,hand-drawn
954,1897,88,hand-drawn
943,1897,90,hand-drawn
958,1937,121,hand-drawn
939,1892,64,hand-drawn
896,1853,80,hand-drawn
897,1915,324,hand-drawn
877,2059,80,hand-drawn
865,2056,90,hand-drawn
888,2137,90,hand-drawn
866,2323,96,hand-drawn
839,2332,132,hand-drawn
892,2317,120,hand-drawn
914,2319,80,hand-drawn
919,2303,80,hand-drawn
911,2308,72,hand-drawn
903,2330,72,hand-drawn
930,2253,56,hand-drawn
982,2185,100,hand-drawn
1344,2118,63,hand-drawn
1313,2117,70,hand-drawn
1321,2010,90,hand-drawn
1340,2027,96,hand-drawn
1314,1986,110,hand-drawn
1294,1969,72,hand-drawn
1300,1942,99,hand-drawn
1264,1939,64,hand-drawn
1280,1928,81,hand-drawn
1265,1903,72,hand-drawn
1200,1919,130,hand-drawn
1186,1898,99,hand-drawn
1254,2175,99,hand-drawn
1235,2215,126,hand-drawn
1245,2260,99,hand-drawn
1230,2266,72,hand-drawn
1106,2095,70,hand-drawn
1114,1958,60,hand-drawn
1087,1942,64,hand-drawn
1068,1946,121,hand-drawn
1063,1946,72,hand-drawn
1059,1939,56,hand-drawn
1051,1960,49,hand-drawn
1178,1967,140,hand-drawn
1151,1978,121,hand-drawn
1162,2004,121,hand-drawn
1123,1962,90,hand-drawn
1110,1979,49,hand-drawn
1201,1888,120,hand-drawn
1220,1892,80,hand-drawn
1223,1918,72,hand-drawn
1241,1909,56,hand-drawn
1235,1899,56,hand-drawn
1235,1896,72,hand-drawn
1340,1955,90,hand-drawn
1359,1966,80,hand-drawn
1384,1924,49,hand-drawn
1415,2047,81,hand-drawn
1427,2054,56,hand-drawn
1413,2066,77,hand-drawn
1375,2040,110,hand-drawn
1364,2096,224,hand-drawn
1422,2175,81,hand-drawn
1467,2161,72,hand-drawn
1433,2200,64,hand-drawn
1451,2248,72,hand-drawn
1370,2249,100,hand-drawn
1325,2256,99,hand-drawn
1294,2224,84,hand-drawn
1272,2213,99,hand-drawn
1286,2302,56,hand-drawn
1311,2279,80,hand-drawn
1342,2261,63,hand-drawn
1358,2280,56,hand-drawn
1064,2322,63,hand-drawn
1062,2335,80,hand-drawn
1053,2338,81,hand-drawn
1045,2283,90,hand-drawn
1085,2277,110,hand-drawn
1060,2173,90,hand-drawn
1027,2165,56,hand-drawn
1022,2175,88,hand-drawn
991,2176,110,hand-drawn
999,2192,49,hand-drawn
1002,2262,63,hand-drawn
804,1832,100,hand-drawn
768,1813,81,hand-drawn
761,1829,81,hand-drawn
764,1799,88,hand-drawn
758,1771,88,hand-drawn
834,1768,105,hand-drawn
887,1767,42,hand-drawn
907,1769,70,hand-drawn
859,1879,96,hand-drawn
823,1890,100,hand-drawn
771,1936,63,hand-drawn
777,1941,72,hand-drawn
762,1963,140,hand-drawn
778,1963,80,hand-drawn
817,1954,72,hand-drawn
824,1961,56,hand-drawn
831,1956,81,hand-drawn
861,1948,72,hand-drawn
888,1961,56,hand-drawn
866,1972,63,hand-drawn
807,1989,81,hand-drawn
805,2053,56,hand-drawn
793,2047,49,hand-drawn
787,2039,88,hand-drawn
767,2136,72,hand-drawn
765,2155,80,hand-drawn
933,1993,99,hand-drawn
904,1977,110,hand-drawn
789,2288,128,hand-drawn
807,2310,169,hand-drawn
925,2340,63,hand-drawn
1012,2203,100,hand-drawn
928,2158,108,hand-drawn
921,2116,56,hand-drawn
923,2101,42,hand-drawn
917,2122,80,hand-drawn
959,2002,90,hand-drawn
942,2005,72,hand-drawn
1022,2008,66,hand-drawn
1016,2252,56,hand-drawn
979,2307,90,hand-drawn
1092,2301,42,hand-drawn
1098,2292,64,hand-drawn
1055,2284,63,hand-drawn
1069,2268,36,hand-drawn
1074,2261,88,hand-drawn
994,2250,72,hand-drawn
989,2257,49,hand-drawn
947,2238,80,hand-drawn
1135,2335,48,hand-drawn
1146,2329,64,hand-drawn
1161,2342,63,hand-drawn
1175,2294,72,hand-drawn
1166,2281,91,hand-drawn
1136,2273,72,hand-drawn
1215,2342,80,hand-drawn
1199,2337,72,hand-drawn
1147,2171,70,hand-drawn
919,2211,80,hand-drawn
935,1921,108,hand-drawn
871,1809,80,hand-drawn
971,1784,84,hand-drawn
1008,1787,108,hand-drawn
1016,1790,64,hand-drawn
1014,1773,64,hand-drawn
1094,1776,90,hand-drawn
1100,1823,126,hand-drawn
1107,1819,88,hand-drawn
1138,1814,99,hand-drawn
1170,1813,132,hand-drawn
1153,1812,90,hand-drawn
1131,1854,100,hand-drawn
1122,1879,100,hand-drawn
1144,1852,88,hand-drawn
1193,1853,49,hand-drawn
1207,1856,84,hand-drawn
1208,1838,100,hand-drawn
1225,1812,90,hand-drawn
1227,1843,70,hand-drawn
1237,1836,80,hand-drawn
1182,1829,72,hand-drawn
1209,1782,104,hand-drawn
1293,1771,66,hand-drawn
1263,1821,72,hand-drawn
1130,2011,81,hand-drawn
1112,2041,56,hand-drawn
1115,2032,72,hand-drawn
1093,2021,48,hand-drawn
1056,2040,72,hand-drawn
1060,1905,60,hand-drawn
1014,1852,56,hand-drawn
1026,1855,72,hand-drawn
998,1846,132,hand-drawn
1045,2078,72,hand-drawn
964,2130,180,hand-drawn
1219,2192,72,hand-drawn
1201,2209,64,hand-drawn
1194,2216,56,hand-drawn
1269,2127,64,hand-drawn
1237,2103,56,hand-drawn
1244,2089,90,hand-drawn
1246,2011,108,hand-drawn
1230,1970,132,hand-drawn
1338,1913,64,hand-drawn
1362,1898,72,hand-drawn
1334,1884,72,hand-drawn
1324,1869,64,hand-drawn
1310,1855,49,hand-drawn
1288,1869,80,hand-drawn
1338,1826,81,hand-drawn
1387,1802,180,hand-drawn
1355,1834,81,hand-drawn
1180,1861,56,hand-drawn
1070,1782,130,hand-drawn
1032,1791,104,hand-drawn
965,2174,104,hand-drawn
1307,2334,130,hand-drawn
1373,2162,88,hand-drawn
1403,2180,63,hand-drawn
1411,2162,77,hand-drawn
1396,2153,90,hand-drawn
1382,2111,88,hand-drawn
1276,2052,64,hand-drawn
1267,2050,64,hand-drawn
1332,2073,81,hand-drawn
1347,2064,81,hand-drawn
1386,1903,100,hand-drawn
1410,1882,135,hand-drawn
1431,1826,56,hand-drawn
1444,1844,144,hand-drawn
1434,1867,88,hand-drawn
1444,1914,99,hand-drawn
1449,1934,96,hand-drawn
1461,1955,63,hand-drawn
1457,2023,110,hand-drawn
1451,2053,48,hand-drawn
1477,2060,110,hand-drawn
1457,2070,121,hand-drawn
1456,2080,110,hand-drawn
1336,2207,110,hand-drawn
1292,2165,80,hand-drawn
1451,2132,64,hand-drawn
1463,2151,80,hand-drawn
1464,2123,80,hand-drawn
1454,2100,56,hand-drawn
1434,2115,130,hand-drawn
1374,2076,72,hand-drawn
1465,2259,100,hand-drawn
1491,2209,132,hand-drawn
1492,2179,234,hand-drawn
1413,2232,90,hand-drawn
154,2764,156,MBP
126,2673,238,MBP
438,2417,187,MBP
409,2463,170,MBP
396,2423,154,MBP
91,2838,182,MBP
293,2868,168,MBP
333,2574,225,MBP
423,2812,256,MBP
53,2904,210,MBP
566,2571,195,MBP
417,2738,256,MBP
416,2689,168,MBP
195,2870,210,MBP
80,2687,238,MBP
232,2921,192,MBP
409,2526,130,MBP
56,2841,132,MBP
195,2736,195,MBP
681,2396,165,MBP
96,2883,154,MBP
498,2620,156,MBP
500,2370,312,MBP
743,2655,187,MBP
277,2776,168,MBP
695,2797,234,MBP
52,2542,182,MBP
593,2546,165,MBP
180,2661,204,MBP
565,2785,224,MBP
231,2771,165,MBP
448,2703,168,MBP
633,2592,225,MBP
437,2425,180,MBP
245,2708,208,MBP
648,2891,240,MBP
616,2685,144,MBP
676,2534,165,MBP
473,2580,208,MBP
52,2801,169,MBP
556,2818,192,MBP
544,2920,210,MBP
206,2554,195,MBP
332,2554,187,MBP
167,2357,247,MBP
310,2524,195,MBP
605,2610,180,MBP
407,2864,255,MBP
666,2454,143,MBP
190,2470,156,MBP
52,2613,156,MBP
231,2378,196,MBP
405,2434,192,MBP
719,2575,323,MBP
678,2762,247,MBP
171,2803,182,MBP
477,2834,238,MBP
337,2641,168,MBP
419,2530,117,MBP
317,2674,240,MBP
282,2601,168,MBP
43,2829,169,MBP
513,2759,256,MBP
511,2628,224,MBP
156,2812,176,MBP
707,2365,276,MBP
61,2926,252,MBP
298,2840,270,MBP
698,2746,270,MBP
94,2883,165,MBP
674,2706,176,MBP
30,2393,240,MBP
621,2704,144,MBP
494,2356,315,MBP
520,2488,192,MBP
352,2694,266,MBP
602,2754,272,MBP
300,2721,180,MBP
66,2653,266,MBP
67,2397,210,MBP
381,2719,168,MBP
156,2367,144,MBP
625,2685,156,MBP
729,2502,247,MBP
174,2360,294,MBP
628,2926,195,MBP
143,2570,180,MBP
17,2881,150,MBP
107,2364,272,MBP
536,2485,240,MBP
475,2691,252,MBP
159,2912,285,MBP
734,2365,240,MBP
101,2621,198,MBP
648,2653,182,MBP
228,2578,182,MBP
668,2597,225,MBP
131,2369,224,MBP
13,2697,156,MBP
307,2828,224,MBP
413,2595,169,MBP
140,2366,252,MBP
620,2535,210,MBP
488,2561,195,MBP
264,2397,240,MBP
417,2684,154,MBP
730,2669,345,MBP
332,2396,624,MBP
544,2735,165,MBP
26,2589,168,MBP
419,2530,143,MBP
379,2923,143,MBP
482,2633,182,MBP
419,2529,154,MBP
91,2819,150,MBP
285,2735,210,MBP
676,2763,208,MBP
330,2372,156,MBP
670,2727,240,MBP
689,2706,195,MBP
439,2432,195,MBP
347,2869,180,MBP
548,2425,216,MBP
463,2857,304,MBP
177,2883,288,MBP
486,2539,273,MBP
63,2657,176,MBP
255,2693,224,MBP
231,2713,216,MBP
652,2411,180,MBP
178,2517,80,hand-drawn
155,2560,143,hand-drawn
201,2513,110,hand-drawn
139,2515,182,hand-drawn
111,2523,99,hand-drawn
120,2533,120,hand-drawn
124,2527,130,hand-drawn
84,2570,165,hand-drawn
57,2583,90,hand-drawn
148,2563,48,hand-drawn
103,2624,54,hand-drawn
141,2598,112,hand-drawn
76,2617,49,hand-drawn
42,2642,88,hand-drawn
34,2617,56,hand-drawn
32,2659,63,hand-drawn
22,2652,80,hand-drawn
50,2584,81,hand-drawn
39,2565,60,hand-drawn
15,2598,72,hand-drawn
7,2564,72,hand-drawn
30,2536,49,hand-drawn
53,2522,88,hand-drawn
46,2510,64,hand-drawn
36,2520,80,hand-drawn
26,2476,100,hand-drawn
45,2476,56,hand-drawn
69,2476,88,hand-drawn
57,2483,49,hand-drawn
133,2486,80,hand-drawn
111,2485,64,hand-drawn
123,2474,63,hand-drawn
132,2454,64,hand-drawn
160,2478,54,hand-drawn
173,2501,80,hand-drawn
166,2538,70,hand-drawn
135,2557,81,hand-drawn
159,2434,90,hand-drawn
173,2424,48,hand-drawn
191,2402,100,hand-drawn
183,2402,72,hand-drawn
195,2400,56,hand-drawn
203,2413,70,hand-drawn
198,2425,36,hand-drawn
219,2432,110,hand-drawn
256,2434,100,hand-drawn
257,2429,63,hand-drawn
270,2442,36,hand-drawn
285,2450,143,hand-drawn
268,2466,63,hand-drawn
256,2461,80,hand-drawn
231,2416,48,hand-drawn
253,2401,140,hand-drawn
66,2383,96,hand-drawn
48,2383,90,hand-drawn
92,2363,84,hand-drawn
37,2443,56,hand-drawn
81,2454,90,hand-drawn
93,2450,130,hand-drawn
107,2706,168,hand-drawn
157,2700,132,hand-drawn
168,2685,110,hand-drawn
199,2680,154,hand-drawn
204,2630,108,hand-drawn
173,2644,72,hand-drawn
222,2604,143,hand-drawn
84,2804,80,hand-drawn
88,2800,72,hand-drawn
99,2799,90,hand-drawn
53,2918,64,hand-drawn
430,2864,182,hand-drawn
438,2836,120,hand-drawn
457,2816,238,hand-drawn
507,2879,140,hand-drawn
513,2881,80,hand-drawn
552,2849,195,hand-drawn
531,2828,99,hand-drawn
511,2848,110,hand-drawn
490,2908,56,hand-drawn
506,2920,168,hand-drawn
446,2923,72,hand-drawn
448,2911,99,hand-drawn
485,2877,80,hand-drawn
308,2897,80,hand-drawn
288,2903,80,hand-drawn
295,2894,108,hand-drawn
281,2898,90,hand-drawn
277,2924,80,hand-drawn
259,2738,170,hand-drawn
261,2720,143,hand-drawn
549,2510,132,hand-drawn
530,2507,100,hand-drawn
496,2515,88,hand-drawn
496,2493,90,hand-drawn
544,2552,143,hand-drawn
555,2534,108,hand-drawn
584,2503,90,hand-drawn
631,2483,72,hand-drawn
657,2475,100,hand-drawn
644,2492,88,hand-drawn
648,2514,56,hand-drawn
666,2532,88,hand-drawn
704,2496,80,hand-drawn
714,2551,90,hand-drawn
704,2526,110,hand-drawn
731,2533,130,hand-drawn
690,2509,135,hand-drawn
690,2473,99,hand-drawn
679,2500,72,hand-drawn
680,2448,80,hand-drawn
653,2425,81,hand-drawn
656,2434,100,hand-drawn
608,2423,182,hand-drawn
631,2446,63,hand-drawn
643,2440,99,hand-drawn
728,2441,80,hand-drawn
742,2440,48,hand-drawn
727,2458,108,hand-drawn
604,2467,156,hand-drawn
580,2461,63,hand-drawn
577,2432,120,hand-drawn
557,2459,64,hand-drawn
542,2458,81,hand-drawn
498,2471,64,hand-drawn
473,2451,63,hand-drawn
467,2485,60,hand-drawn
457,2472,81,hand-drawn
449,2458,56,hand-drawn
479,2424,117,hand-drawn
857,2651,255,MBP
1244,2796,130,MBP
915,2872,224,MBP
788,2558,180,MBP
1451,2662,168,MBP
897,2901,180,MBP
1451,2461,160,MBP
1460,2788,210,MBP
856,2638,210,MBP
1388,2572,180,MBP
965,2698,270,MBP
1489,2867,627,MBP
894,2624,252,MBP
963,2634,208,MBP
1337,2886,208,MBP
879,2717,240,MBP
1382,2695,221,MBP
813,2516,204,MBP
1006,2593,180,MBP
1310,2914,288,MBP
797,2358,240,MBP
960,2562,221,MBP
1275,2860,240,MBP
1024,2815,224,MBP
919,2853,200,MBP
991,2497,221,MBP
850,2707,432,MBP
1246,2373,195,MBP
1151,2545,160,MBP
1180,2724,208,MBP
1185,2572,315,MBP
889,2502,345,MBP
1476,2650,255,MBP
1415,2613,247,MBP
941,2609,216,MBP
944,2754,228,MBP
1024,2530,234,MBP
1307,2825,182,MBP
1073,2901,132,MBP
1126,2847,187,MBP
1006,2738,143,MBP
1012,2566,165,MBP
1097,2406,336,MBP
1164,2763,190,MBP
804,2744,208,MBP
922,2478,165,MBP
998,2847,182,MBP
1399,2430,140,MBP
1259,2612,196,MBP
894,2646,195,MBP
931,2815,140,MBP
1339,2923,234,MBP
1143,2639,180,MBP
1399,2452,208,MBP
827,2585,221,MBP
1344,2482,126,MBP
1098,2758,153,MBP
1033,2482,150,MBP
1047,2483,150,MBP
1066,2796,256,MBP
1001,2557,130,MBP
889,2800,165,MBP
1023,2424,154,MBP
1276,2741,180,MBP
1052,2822,195,MBP
1418,2724,225,MBP
1030,2632,140,MBP
1374,2762,156,MBP
928,2896,323,MBP
1153,2569,168,MBP
1161,2501,196,MBP
760,2659,216,MBP
1048,2698,130,MBP
819,2734,154,MBP
1190,2869,160,MBP
1273,2576,90,hand-drawn
1207,2683,182,hand-drawn
1181,2691,60,hand-drawn
1205,2733,182,hand-drawn
1232,2774,120,hand-drawn
1210,2770,80,hand-drawn
1199,2797,117,hand-drawn
1197,2841,135,hand-drawn
1219,2815,56,hand-drawn
1242,2850,120,hand-drawn
1234,2858,49,hand-drawn
1262,2805,90,hand-drawn
1453,2740,140,hand-drawn
1466,2719,90,hand-drawn
1453,2716,49,hand-drawn
1466,2739,143,hand-drawn
1392,2823,154,hand-drawn
1423,2865,56,hand-drawn
1421,2852,48,hand-drawn
1425,2816,64,hand-drawn
1454,2834,90,hand-drawn
1453,2809,66,hand-drawn
1422,2876,100,hand-drawn
1329,2904,121,hand-drawn
1293,2921,72,hand-drawn
1279,2894,110,hand-drawn
1288,2867,90,hand-drawn
1177,2830,81,hand-drawn
1172,2824,56,hand-drawn
1170,2810,72,hand-drawn
1113,2822,72,hand-drawn
1091,2835,81,hand-drawn
1075,2808,81,hand-drawn
1050,2809,110,hand-drawn
1095,2797,144,hand-drawn
1086,2781,100,hand-drawn
1116,2754,80,hand-drawn
1112,2767,63,hand-drawn
1036,2771,120,hand-drawn
1147,2851,100,hand-drawn
1141,2876,90,hand-drawn
1120,2892,99,hand-drawn
1132,2897,110,hand-drawn
1140,2923,72,hand-drawn
1061,2912,70,hand-drawn
1044,2920,100,hand-drawn
990,2873,143,hand-drawn
985,2892,110,hand-drawn
1029,2874,121,hand-drawn
962,2869,210,hand-drawn
956,2908,64,hand-drawn
961,2913,90,hand-drawn
920,2929,120,hand-drawn
936,2913,80,hand-drawn
857,2772,168,hand-drawn
855,2749,132,hand-drawn
881,2711,210,hand-drawn
949,2729,108,hand-drawn
774,2864,81,hand-drawn
768,2858,110,hand-drawn
814,2791,99,hand-drawn
821,2789,110,hand-drawn
860,2816,117,hand-drawn
994,2678,120,hand-drawn
1014,2682,132,hand-drawn
1062,2687,121,hand-drawn
1070,2718,120,hand-drawn
1152,2683,117,hand-drawn
1249,2680,156,hand-drawn
1253,2677,110,hand-drawn
1223,2707,130,hand-drawn
1326,2693,121,hand-drawn
1337,2676,112,hand-drawn
1360,2649,132,hand-drawn
1372,2643,81,hand-drawn
1370,2636,72,hand-drawn
1357,2641,72,hand-drawn
1348,2717,154,hand-drawn
1323,2737,100,hand-drawn
1317,2715,110,hand-drawn
1314,2763,130,hand-drawn
1298,2764,80,hand-drawn
1289,2769,90,hand-drawn
1274,2801,88,hand-drawn
1258,2791,90,hand-drawn
1331,2791,110,hand-drawn
1375,2819,96,hand-drawn
1407,2810,80,hand-drawn
1447,2634,132,hand-drawn
1454,2603,132,hand-drawn
1451,2654,156,hand-drawn
1414,2667,144,hand-drawn
1431,2682,99,hand-drawn
1244,2477,117,hand-drawn
1235,2483,156,hand-drawn
1211,2484,182,hand-drawn
1191,2495,108,hand-drawn
1187,2482,156,hand-drawn
1180,2498,120,hand-drawn
1182,2526,100,hand-drawn
1198,2539,143,hand-drawn
1220,2558,165,hand-drawn
1255,2549,156,hand-drawn
1220,2583,136,hand-drawn
1205,2589,132,hand-drawn
1193,2621,196,hand-drawn
1187,2656,156,hand-drawn
1108,2672,144,hand-drawn
1155,2779,63,hand-drawn
1100,2640,108,hand-drawn
1226,2518,121,hand-drawn
1245,2524,81,hand-drawn
1305,2494,70,hand-drawn
1289,2495,132,hand-drawn
1340,2512,70,hand-drawn
1410,2598,132,hand-drawn
1400,2604,88,hand-drawn
1397,2587,108,hand-drawn
1353,2620,110,hand-drawn
1306,2603,90,hand-drawn
1483,2579,110,hand-drawn
1453,2511,132,hand-drawn
1474,2511,169,hand-drawn
1454,2483,156,hand-drawn
1410,2489,108,hand-drawn
1428,2406,130,hand-drawn
1369,2389,108,hand-drawn
1366,2373,156,hand-drawn
1330,2390,169,hand-drawn
1282,2392,90,hand-drawn
1263,2403,132,hand-drawn
1277,2420,130,hand-drawn
1257,2418,117,hand-drawn
1240,2419,80,hand-drawn
1248,2459,165,hand-drawn
1213,2411,100,hand-drawn
1199,2423,88,hand-drawn
1129,2716,72,hand-drawn
1069,2614,63,hand-drawn
1085,2590,96,hand-drawn
1047,2586,80,hand-drawn
1041,2593,49,hand-drawn
1043,2607,104,hand-drawn
1012,2610,121,hand-drawn
1028,2589,90,hand-drawn
1033,2586,99,hand-drawn
1027,2573,80,hand-drawn
963,2534,121,hand-drawn
948,2526,120,hand-drawn
923,2506,120,hand-drawn
901,2528,117,hand-drawn
917,2530,110,hand-drawn
867,2520,104,hand-drawn
858,2500,117,hand-drawn
846,2537,108,hand-drawn
824,2489,120,hand-drawn
795,2460,126,hand-drawn
770,2473,60,hand-drawn
765,2477,56,hand-drawn
759,2480,77,hand-drawn
772,2577,72,hand-drawn
765,2597,154,hand-drawn
758,2557,99,hand-drawn
769,2625,99,hand-drawn
776,2639,81,hand-drawn
783,2663,154,hand-drawn
800,2652,100,hand-drawn
805,2672,96,hand-drawn
812,2613,121,hand-drawn
864,2615,90,hand-drawn
858,2616,72,hand-drawn
955,2453,80,hand-drawn
960,2480,63,hand-drawn
955,2502,168,hand-drawn
951,2499,204,hand-drawn
784,2403,132,hand-drawn
772,2415,120,hand-drawn
774,2380,42,hand-drawn
766,2378,80,hand-drawn
925,2378,130,hand-drawn
950,2385,100,hand-drawn
952,2401,90,hand-drawn
929,2412,54,hand-drawn
902,2446,72,hand-drawn
906,2432,99,hand-drawn
948,2433,110,hand-drawn
957,2411,72,hand-drawn
987,2434,143,hand-drawn
1078,2420,110,hand-drawn
1068,2416,81,hand-drawn
1124,2441,81,hand-drawn
1136,2460,192,hand-drawn
1132,2471,160,hand-drawn
1120,2494,108,hand-drawn
1111,2496,126,hand-drawn
1108,2526,126,hand-drawn
1102,2548,99,hand-drawn
1064,2504,56,hand-drawn
1075,2498,72,hand-drawn
1083,2509,130,hand-drawn
1054,2508,99,hand-drawn
1218,2503,132,hand-drawn
1213,2451,130,hand-drawn
1230,2455,72,hand-drawn
1225,2443,99,hand-drawn
1224,2418,56,hand-drawn
1292,2441,81,hand-drawn
1271,2435,90,hand-drawn
1322,2448,140,hand-drawn
1186,2408,120,hand-drawn
1139,2420,99,hand-drawn
1149,2425,72,hand-drawn
1165,2356,81,hand-drawn
1210,2356,99,hand-drawn
1378,2446,70,hand-drawn
1485,2486,80,hand-drawn
1448,2360,72,hand-drawn
1403,2372,143,hand-drawn
1388,2385,100,hand-drawn
1070,2373,88,hand-drawn
1068,2370,120,hand-drawn
1031,2371,132,hand-drawn
1003,2384,110,hand-drawn
1004,2396,63,hand-drawn
1002,2369,168,hand-drawn
990,2369,99,hand-drawn
981,2399,64,hand-drawn
1300,2468,96,hand-drawn
1402,2495,81,hand-drawn
1413,2519,63,hand-drawn
1407,2696,130,hand-drawn
1354,2859,160,hand-drawn
1371,2477,108,hand-drawn
1354,2386,144,hand-drawn
1281,2377,90,hand-drawn
1221,2384,90,hand-drawn
877,2404,160,hand-drawn
1232,2627,126,hand-drawn
1210,2605,80,hand-drawn
1165,2464,110,hand-drawn
1167,2392,90,hand-drawn
1125,2390,81,hand-drawn
1339,2487,90,hand-drawn
1127,2600,110,hand-drawn
958,2670,80,hand-drawn
974,2677,80,hand-drawn
1182,2392,80,hand-drawn
748,3419,260,MBP
697,3145,156,MBP
122,3226,300,MBP
720,3088,260,MBP
440,3493,288,MBP
265,3176,168,MBP
734,3319,266,MBP
261,3433,225,MBP
311,3331,216,MBP
190,3424,440,MBP
218,3310,144,MBP
276,3237,156,MBP
199,3476,252,MBP
346,3397,306,MBP
378,3461,294,MBP
669,3422,195,MBP
28,3399,168,MBP
172,3307,169,MBP
157,3296,240,MBP
112,3491,168,MBP
631,3142,144,MBP
139,3173,120,MBP
166,3038,143,MBP
690,3058,156,MBP
56,3430,195,MBP
21,3005,180,MBP
121,3058,182,MBP
208,3418,234,MBP
432,3323,132,MBP
74,3364,225,MBP
38,3460,238,MBP
137,2974,143,MBP
623,3121,144,MBP
426,3065,437,MBP
627,3511,289,MBP
102,2943,247,MBP
724,3121,165,MBP
249,2947,224,MBP
489,3291,196,MBP
103,3318,120,MBP
110,2989,256,MBP
400,3229,204,MBP
325,3507,208,MBP
343,3113,210,MBP
249,2962,272,MBP
678,3252,340,MBP
514,3089,210,MBP
204,3120,195,MBP
25,2991,256,MBP
444,3212,130,MBP
578,3082,180,MBP
238,3216,210,MBP
453,3039,182,MBP
110,3455,210,MBP
425,3008,195,MBP
325,3072,240,MBP
174,3022,221,MBP
685,3019,168,MBP
130,3388,225,MBP
282,3036,252,MBP
299,3471,224,MBP
625,3093,195,MBP
86,3473,156,MBP
519,2949,182,MBP
589,2989,195,MBP
522,3387,238,MBP
242,3458,192,MBP
459,3258,210,MBP
685,3364,143,MBP
77,3193,182,MBP
654,3073,168,MBP
455,3467,180,MBP
740,3093,153,MBP
152,3279,195,MBP
279,3484,196,MBP
12,3231,247,MBP
251,3074,168,MBP
625,3433,144,MBP
278,3320,140,MBP
591,3018,120,MBP
404,3326,140,MBP
350,3259,221,MBP
3,3352,189,MBP
358,3291,192,MBP
51,2993,306,MBP
299,3503,240,MBP
479,3486,210,MBP
217,3297,182,MBP
479,3347,168,MBP
324,3128,195,MBP
163,3004,182,MBP
226,3394,168,MBP
243,3049,182,MBP
336,3354,182,MBP
6,3287,308,MBP
428,2977,225,MBP
148,3493,340,MBP
507,2961,192,MBP
155,2954,180,MBP
74,3086,266,MBP
203,2966,195,MBP
738,3308,208,MBP
110,3108,180,MBP
56,3054,196,MBP
596,3491,256,MBP
4,3452,204,MBP
146,2969,132,MBP
629,3154,156,MBP
612,3131,169,MBP
479,3417,182,MBP
90,3021,272,MBP
496,3329,169,MBP
611,3238,156,hand-drawn
596,3271,132,hand-drawn
571,3254,144,hand-drawn
548,3239,144,hand-drawn
569,3233,132,hand-drawn
583,3224,132,hand-drawn
604,3233,153,hand-drawn
648,3209,210,hand-drawn
645,3276,90,hand-drawn
621,3299,208,hand-drawn
592,3330,156,hand-drawn
617,3341,140,hand-drawn
627,3344,121,hand-drawn
631,3369,100,hand-drawn
594,3413,120,hand-drawn
573,3409,88,hand-drawn
572,3394,100,hand-drawn
576,3471,130,hand-drawn
534,3489,210,hand-drawn
491,3389,56,hand-drawn
490,3379,81,hand-drawn
526,3380,100,hand-drawn
455,3437,132,hand-drawn
436,3432,168,hand-drawn
254,3434,132,hand-drawn
259,3380,140,hand-drawn
291,3372,143,hand-drawn
317,3363,156,hand-drawn
226,3395,170,hand-drawn
167,3423,56,hand-drawn
149,3428,90,hand-drawn
134,3412,72,hand-drawn
141,3429,135,hand-drawn
30,3481,182,hand-drawn
53,3464,110,hand-drawn
103,3351,143,hand-drawn
91,3382,90,hand-drawn
77,3372,99,hand-drawn
98,3272,130,hand-drawn
77,3274,143,hand-drawn
73,3250,196,hand-drawn
22,3221,110,hand-drawn
17,3201,130,hand-drawn
24,3143,225,hand-drawn
57,3155,130,hand-drawn
48,3180,170,hand-drawn
91,3143,132,hand-drawn
70,3134,210,hand-drawn
87,3126,84,hand-drawn
119,3181,81,hand-drawn
159,3246,143,hand-drawn
184,3263,63,hand-drawn
236,3327,90,hand-drawn
276,3320,100,hand-drawn
263,3322,144,hand-drawn
222,3359,117,hand-drawn
123,3337,88,hand-drawn
416,3334,143,hand-drawn
682,3263,121,hand-drawn
701,3247,170,hand-drawn
736,3217,126,hand-drawn
740,3231,78,hand-drawn
680,2965,135,hand-drawn
706,2991,256,hand-drawn
728,2989,143,hand-drawn
736,3003,120,hand-drawn
712,2973,72,hand-drawn
693,2965,132,hand-drawn
677,2938,143,hand-drawn
647,2955,168,hand-drawn
625,2981,135,hand-drawn
618,2980,117,hand-drawn
613,2962,64,hand-drawn
598,2974,100,hand-drawn
578,2956,90,hand-drawn
534,2984,154,hand-drawn
549,3023,150,hand-drawn
539,3069,99,hand-drawn
530,3058,80,hand-drawn
506,2999,154,hand-drawn
520,2997,130,hand-drawn
457,2979,143,hand-drawn
469,2947,90,hand-drawn
437,2951,99,hand-drawn
421,2946,99,hand-drawn
424,2964,110,hand-drawn
367,2988,120,hand-drawn
363,2984,100,hand-drawn
356,3012,110,hand-drawn
389,3051,252,hand-drawn
335,3069,126,hand-drawn
316,3082,221,hand-drawn
308,3096,154,hand-drawn
295,3115,80,hand-drawn
299,3133,238,hand-drawn
312,3154,272,hand-drawn
325,3202,110,hand-drawn
343,3220,108,hand-drawn
383,3201,132,hand-drawn
372,3187,176,hand-drawn
298,3259,108,hand-drawn
300,3245,110,hand-drawn
360,3415,99,hand-drawn
362,3446,81,hand-drawn
542,3341,120,hand-drawn
509,3413,72,hand-drawn
219,3172,225,hand-drawn
173,3191,100,hand-drawn
235,3106,72,hand-drawn
253,3156,195,hand-drawn
232,3126,126,hand-drawn
165,3094,144,hand-drawn
148,3107,120,hand-drawn
48,3069,154,hand-drawn
34,3080,154,hand-drawn
10,3099,110,hand-drawn
38,3102,132,hand-drawn
60,2970,221,hand-drawn
51,2940,168,hand-drawn
233,2974,121,hand-drawn
209,2988,130,hand-drawn
224,3004,60,hand-drawn
284,2965,132,hand-drawn
310,2969,81,hand-drawn
334,2975,165,hand-drawn
294,2992,150,hand-drawn
422,3109,130,hand-drawn
408,3086,110,hand-drawn
421,3156,130,hand-drawn
525,3136,143,hand-drawn
497,3242,100,hand-drawn
455,3262,182,hand-drawn
169,3180,90,hand-drawn
666,3275,150,hand-drawn
654,3468,72,hand-drawn
641,3475,63,hand-drawn
691,3429,80,hand-drawn
708,3162,90,hand-drawn
1101,3236,180,MBP
1378,3508,224,MBP
952,3316,156,MBP
1217,3414,182,MBP
1187,3099,182,MBP
1470,3393,224,MBP
874,3376,156,MBP
1345,3402,224,MBP
1342,3348,154,MBP
863,3149,169,MBP
1289,3082,180,MBP
905,3466,234,MBP
977,3213,182,MBP
1046,2952,270,MBP
1441,3198,195,MBP
1238,3251,180,MBP
923,3015,196,MBP
1058,3266,234,MBP
1132,3016,306,MBP
1215,3193,270,MBP
830,3409,208,MBP
1016,2988,195,MBP
818,3038,195,MBP
916,3501,182,MBP
1140,2947,216,MBP
983,3269,182,MBP
1206,3433,225,MBP
1454,3473,210,MBP
916,3141,224,MBP
981,3319,196,MBP
783,3290,180,MBP
857,3039,150,MBP
863,2982,180,MBP
1194,3329,270,MBP
1411,3111,210,MBP
1433,3232,285,MBP
1065,3356,165,MBP
1024,3077,240,MBP
931,3486,169,MBP
864,3341,121,MBP
795,3039,195,MBP
1379,3071,143,MBP
832,2988,182,MBP
1274,3118,208,MBP
1352,2947,273,MBP
1319,3006,208,MBP
1136,3328,210,MBP
850,3088,208,MBP
827,3108,143,MBP
1097,3211,168,MBP
1148,2985,180,MBP
1050,3033,169,MBP
1118,3134,168,MBP
1376,3273,255,MBP
1412,3080,150,MBP
1203,3284,182,MBP
1037,3510,240,MBP
991,3167,195,MBP
1365,3233,210,MBP
764,2975,160,MBP
1258,3295,224,MBP
862,3329,132,MBP
943,3475,165,MBP
1192,3148,208,MBP
1390,3221,210,MBP
813,3206,143,MBP
1299,2955,168,MBP
1291,3040,208,MBP
1209,2952,238,MBP
1204,3430,195,MBP
1286,3005,165,MBP
1214,3150,154,MBP
1168,3016,195,MBP
1470,3287,168,MBP
1025,3501,324,MBP
1021,3243,208,MBP
784,3118,168,MBP
1330,3271,256,MBP
959,3473,221,MBP
962,3066,224,MBP
1445,3037,221,MBP
1143,3222,240,MBP
958,2961,225,MBP
935,3201,169,MBP
1109,3082,210,MBP
1434,3468,289,MBP
1100,3485,154,MBP
1288,3198,110,MBP
1291,2962,204,MBP
1004,3105,154,MBP
1363,3268,195,MBP
1020,3405,210,MBP
1115,3093,210,MBP
896,3065,180,MBP
1105,3419,195,MBP
1477,3253,32,hand-drawn
1463,3232,50,hand-drawn
1175,3335,50,hand-drawn
1252,3331,65,hand-drawn
1165,3250,168,hand-drawn
1230,3248,110,hand-drawn
1232,3236,96,hand-drawn
1290,3222,132,hand-drawn
1288,3304,168,hand-drawn
1231,3307,144,hand-drawn
1229,3333,72,hand-drawn
1242,3390,110,hand-drawn
1144,3364,182,hand-drawn
1091,3275,144,hand-drawn
1033,3286,240,hand-drawn
922,3237,195,hand-drawn
899,3202,187,hand-drawn
899,3229,132,hand-drawn
883,3262,156,hand-drawn
879,3281,100,hand-drawn
932,3340,84,hand-drawn
891,3419,72,hand-drawn
915,3435,170,hand-drawn
907,3421,64,hand-drawn
956,3415,110,hand-drawn
997,3423,81,hand-drawn
891,3463,96,hand-drawn
1009,3492,187,hand-drawn
1083,3434,110,hand-drawn
1093,3368,130,hand-drawn
1131,3193,64,hand-drawn
1170,3186,117,hand-drawn
1184,3165,99,hand-drawn
1177,3122,120,hand-drawn
1164,3120,108,hand-drawn
1136,3130,110,hand-drawn
1193,3048,77,hand-drawn
1202,3032,110,hand-drawn
1225,3046,182,hand-drawn
1248,3062,150,hand-drawn
1262,3047,144,hand-drawn
1309,3042,168,hand-drawn
1372,2982,110,hand-drawn
1361,2985,120,hand-drawn
1385,2958,72,hand-drawn
1430,2968,100,hand-drawn
1454,2953,99,hand-drawn
1429,2995,70,hand-drawn
1417,3011,110,hand-drawn
1392,2986,80,hand-drawn
1444,3067,110,hand-drawn
1361,3227,54,hand-drawn
1322,3265,140,hand-drawn
1201,3387,135,hand-drawn
1191,3354,88,hand-drawn
1302,3329,72,hand-drawn
1356,3303,104,hand-drawn
1493,3342,72,hand-drawn
807,3433,144,hand-drawn
781,3356,88,hand-drawn
765,3349,110,hand-drawn
779,3329,88,hand-drawn
845,3120,140,hand-drawn
786,3168,132,hand-drawn
776,3180,126,hand-drawn
763,3048,90,hand-drawn
767,3067,64,hand-drawn
773,3082,77,hand-drawn
756,3095,120,hand-drawn
769,3112,144,hand-drawn
759,3166,90,hand-drawn
917,2990,120,hand-drawn
978,3037,72,hand-drawn
992,3029,88,hand-drawn
971,3040,72,hand-drawn
1094,3063,130,hand-drawn
1080,3049,99,hand-drawn
1162,2962,110,hand-drawn
1024,3347,99,hand-drawn
948,2944,132,hand-drawn
938,2959,130,hand-drawn
918,2939,110,hand-drawn
890,2985,154,hand-drawn
896,2965,132,hand-drawn
821,2954,96,hand-drawn
837,3003,72,hand-drawn
946,3055,90,hand-drawn
967,3045,154,hand-drawn
975,3104,144,hand-drawn
949,3131,195,hand-drawn
981,3135,72,hand-drawn
1007,3130,88,hand-drawn
1068,3178,156,hand-drawn
1024,3215,132,hand-drawn
930,3182,90,hand-drawn
909,3197,195,hand-drawn
811,3182,90,hand-drawn
816,3199,80,hand-drawn
834,3261,108,hand-drawn
786,3226,72,hand-drawn
960,3387,56,hand-drawn
854,3368,70,hand-drawn
878,3403,132,hand-drawn
1231,3366,64,hand-drawn
953,3377,90,hand-drawn
1367,3187,110,hand-drawn
1414,3165,90,hand-drawn
1428,3185,165,hand-drawn
1493,3145,104,hand-drawn
1154,3010,81,hand-drawn
1131,3044,110,hand-drawn
1117,3032,143,hand-drawn
